﻿Name,DWH Tasks,Progress
Requirement Analysis,Analyze & Understand The Requirements (https://www.notion.so/Analyze-Understand-The-Requirements-1cb01a5cb1b28045a8f9c6ece51a5051?pvs=21),
Design Data Architecture,"Choose Data Management Approach (https://www.notion.so/Choose-Data-Management-Approach-1cb01a5cb1b28070986ee53c735bc75f?pvs=21), Design The Layers (https://www.notion.so/Design-The-Layers-1cb01a5cb1b28080b61bcfd97513fad1?pvs=21), Draw The Data Architecture (Draw.io) (https://www.notion.so/Draw-The-Data-Architecture-Draw-io-1cb01a5cb1b280289d95c1f8d5c045a6?pvs=21)",
Project Initialization,"Create GIT Repo & Prepare The Repo Structure (https://www.notion.so/Create-GIT-Repo-Prepare-The-Repo-Structure-1cb01a5cb1b2803fa0a1c97282bfbd44?pvs=21), Create Database & Schemas (https://www.notion.so/Create-Database-Schemas-1cb01a5cb1b280ad8860ccdbbb404fbf?pvs=21), Create Detailed Project Tasks (Notion) (https://www.notion.so/Create-Detailed-Project-Tasks-Notion-1cb01a5cb1b280389fdfc247459b53ed?pvs=21), Define Project Naming Conventions (https://www.notion.so/Define-Project-Naming-Conventions-1cb01a5cb1b2803da4abffaf65af005c?pvs=21)",
Build Bronze Layer,"Analyzing: Source Systems (https://www.notion.so/Analyzing-Source-Systems-1cc01a5cb1b2805dad2dc0b50bfd1232?pvs=21), Coding: Data Ingestion (https://www.notion.so/Coding-Data-Ingestion-1cc01a5cb1b280418903fd743046de21?pvs=21), Validating: Data Completeness & Schema Checks (https://www.notion.so/Validating-Data-Completeness-Schema-Checks-1cc01a5cb1b280e3bd29f5357b216646?pvs=21), Document: Draw Data Flow (Draw.io) (https://www.notion.so/Document-Draw-Data-Flow-Draw-io-1cc01a5cb1b28017a025f5ef55fca9b7?pvs=21), Commit Code In GIT Repo (https://www.notion.so/Commit-Code-In-GIT-Repo-1cc01a5cb1b280c8a3d5d9e145c7c47a?pvs=21)",
Build Silver Layer,"Analyzing: Explore & Understand Data (https://www.notion.so/Analyzing-Explore-Understand-Data-1cc01a5cb1b280a68f75d32778177fa2?pvs=21), Coding: Data Cleansing (https://www.notion.so/Coding-Data-Cleansing-1cc01a5cb1b280229583e262497de485?pvs=21), Validating: Data Correctness Checks (https://www.notion.so/Validating-Data-Correctness-Checks-1cc01a5cb1b280cb90c3c94460aa3edf?pvs=21), Document: Extend Data Flow (Draw.io) (https://www.notion.so/Document-Extend-Data-Flow-Draw-io-1cc01a5cb1b280139893db03d4ec0370?pvs=21), Commit Code in GIT Repo (https://www.notion.so/Commit-Code-in-GIT-Repo-1cc01a5cb1b2806ba3fff4e20ef3696d?pvs=21), Document: Draw Data Integration (Draw.io) (https://www.notion.so/Document-Draw-Data-Integration-Draw-io-1ce01a5cb1b28027a008e794185db62f?pvs=21)",
Build Gold Layer,"Analyzing: Explore Business Objects (https://www.notion.so/Analyzing-Explore-Business-Objects-1cc01a5cb1b280598e16e805ec235221?pvs=21), Coding: Data Integration (https://www.notion.so/Coding-Data-Integration-1cc01a5cb1b28047a125ee90d2f8bbee?pvs=21), Validating: Data Integration Checks (https://www.notion.so/Validating-Data-Integration-Checks-1cc01a5cb1b280bd936bc288255a3301?pvs=21), Document: Create Data Catalog (https://www.notion.so/Document-Create-Data-Catalog-1cc01a5cb1b280e08572c08cc689e708?pvs=21), Commit Code in GIT Repo (https://www.notion.so/Commit-Code-in-GIT-Repo-1cc01a5cb1b2805e8b6dde0989b374fd?pvs=21), Document: Draw Data Model of Star Schema (Draw.io) (https://www.notion.so/Document-Draw-Data-Model-of-Star-Schema-Draw-io-1cc01a5cb1b280688fb3dc61c6d54718?pvs=21), Document: Extend Data Flow (Draw.io) (https://www.notion.so/Document-Extend-Data-Flow-Draw-io-1ce01a5cb1b280b882f7c7902a3a7fbd?pvs=21)",