﻿DWH Epics,Tasks,Checkbox
Design Data Architecture (https://www.notion.so/Design-Data-Architecture-1cb01a5cb1b28080a5b9e1ed6310ef84?pvs=21),Choose Data Management Approach,No
Design Data Architecture (https://www.notion.so/Design-Data-Architecture-1cb01a5cb1b28080a5b9e1ed6310ef84?pvs=21),Design The Layers,No
Design Data Architecture (https://www.notion.so/Design-Data-Architecture-1cb01a5cb1b28080a5b9e1ed6310ef84?pvs=21),Draw The Data Architecture (Draw.io),No
Project Initialization (https://www.notion.so/Project-Initialization-1cb01a5cb1b280239197f61293c5445a?pvs=21),Create Detailed Project Tasks (Notion),No
Project Initialization (https://www.notion.so/Project-Initialization-1cb01a5cb1b280239197f61293c5445a?pvs=21),Define Project Naming Conventions,No
Project Initialization (https://www.notion.so/Project-Initialization-1cb01a5cb1b280239197f61293c5445a?pvs=21),Create GIT Repo & Prepare The Repo Structure,No
Project Initialization (https://www.notion.so/Project-Initialization-1cb01a5cb1b280239197f61293c5445a?pvs=21),Create Database & Schemas,No
Requirement Analysis (https://www.notion.so/Requirement-Analysis-1cb01a5cb1b2805a8585da7ae1f11fce?pvs=21),Analyze & Understand The Requirements,No
Build Bronze Layer (https://www.notion.so/Build-Bronze-Layer-1cc01a5cb1b280738719d77bbe2c1fa2?pvs=21),Analyzing: Source Systems,No
Build Bronze Layer (https://www.notion.so/Build-Bronze-Layer-1cc01a5cb1b280738719d77bbe2c1fa2?pvs=21),Coding: Data Ingestion,No
Build Bronze Layer (https://www.notion.so/Build-Bronze-Layer-1cc01a5cb1b280738719d77bbe2c1fa2?pvs=21),Validating: Data Completeness & Schema Checks,No
Build Bronze Layer (https://www.notion.so/Build-Bronze-Layer-1cc01a5cb1b280738719d77bbe2c1fa2?pvs=21),Document: Draw Data Flow (Draw.io),No
Build Bronze Layer (https://www.notion.so/Build-Bronze-Layer-1cc01a5cb1b280738719d77bbe2c1fa2?pvs=21),Commit Code In GIT Repo,No
Build Silver Layer (https://www.notion.so/Build-Silver-Layer-1cc01a5cb1b280d1a4e2cf6a9e190deb?pvs=21),Analyzing: Explore & Understand Data,No
Build Silver Layer (https://www.notion.so/Build-Silver-Layer-1cc01a5cb1b280d1a4e2cf6a9e190deb?pvs=21),Document: Draw Data Integration (Draw.io),No
Build Silver Layer (https://www.notion.so/Build-Silver-Layer-1cc01a5cb1b280d1a4e2cf6a9e190deb?pvs=21),Coding: Data Cleansing,No
Build Silver Layer (https://www.notion.so/Build-Silver-Layer-1cc01a5cb1b280d1a4e2cf6a9e190deb?pvs=21),Validating: Data Correctness Checks,No
Build Silver Layer (https://www.notion.so/Build-Silver-Layer-1cc01a5cb1b280d1a4e2cf6a9e190deb?pvs=21),Document: Extend Data Flow (Draw.io),No
Build Silver Layer (https://www.notion.so/Build-Silver-Layer-1cc01a5cb1b280d1a4e2cf6a9e190deb?pvs=21),Commit Code in GIT Repo,No
Build Gold Layer (https://www.notion.so/Build-Gold-Layer-1cc01a5cb1b28064a8b8dc933f834014?pvs=21),Analyzing: Explore Business Objects,No
Build Gold Layer (https://www.notion.so/Build-Gold-Layer-1cc01a5cb1b28064a8b8dc933f834014?pvs=21),Coding: Data Integration,No
Build Gold Layer (https://www.notion.so/Build-Gold-Layer-1cc01a5cb1b28064a8b8dc933f834014?pvs=21),Validating: Data Integration Checks,No
Build Gold Layer (https://www.notion.so/Build-Gold-Layer-1cc01a5cb1b28064a8b8dc933f834014?pvs=21),Document: Draw Data Model of Star Schema (Draw.io),No
Build Gold Layer (https://www.notion.so/Build-Gold-Layer-1cc01a5cb1b28064a8b8dc933f834014?pvs=21),Document: Create Data Catalog,No
Build Gold Layer (https://www.notion.so/Build-Gold-Layer-1cc01a5cb1b28064a8b8dc933f834014?pvs=21),Document: Extend Data Flow (Draw.io),No
Build Gold Layer (https://www.notion.so/Build-Gold-Layer-1cc01a5cb1b28064a8b8dc933f834014?pvs=21),Commit Code in GIT Repo,No